"Station Name","TORONTO CITY"
"Province","ONTARIO"
"Latitude","43.67"
"Longitude","-79.40"
"Elevation","112.50"
"Climate Identifier","6158355"
"WMO Identifier","71508"
"TC Identifier","XTO"
"All times are specified in Local Standard Time (LST). Add 1 hour to adjust for Daylight Saving Time where and when it is observed."

"Legend"
"E","Estimated"
"M","Missing"
"NA","Not Available"

"Date/Time","Year","Month","Day","Time","Temp (°C)","Temp Flag","Dew Point Temp (°C)","Dew Point Temp Flag","Rel Hum (%)","Rel Hum Flag","Wind Dir (10s deg)","Wind Dir Flag","Wind Spd (km/h)","Wind Spd Flag","Visibility (km)","Visibility Flag","Stn Press (kPa)","Stn Press Flag","Hmdx","Hmdx Flag","Wind Chill","Wind Chill Flag","Weather"
"2008-09-01 00:00","2008","09","01","00:00","19.9","","15.5","","76","","","M","","M","","","100.88","","","","","","NA"
"2008-09-01 01:00","2008","09","01","01:00","19.2","","15.5","","79","","","M","","M","","","100.90","","","","","","NA"
"2008-09-01 02:00","2008","09","01","02:00","18.6","","15.2","","81","","","M","","M","","","100.89","","","","","","NA"
"2008-09-01 03:00","2008","09","01","03:00","18.4","","15.5","","83","","","M","","M","","","100.90","","","","","","NA"
"2008-09-01 04:00","2008","09","01","04:00","17.9","","15.8","","88","","","M","","M","","","100.90","","","","","","NA"
"2008-09-01 05:00","2008","09","01","05:00","17.7","","15.8","","89","","","M","","M","","","100.94","","","","","","NA"
"2008-09-01 06:00","2008","09","01","06:00","17.2","","15.6","","90","","","M","","M","","","100.98","","","","","","NA"
"2008-09-01 07:00","2008","09","01","07:00","19.0","","16.0","","83","","","M","","M","","","101.02","","","","","","NA"
"2008-09-01 08:00","2008","09","01","08:00","21.3","","17.4","","78","","","M","","M","","","101.05","","27","","","","NA"
"2008-09-01 09:00","2008","09","01","09:00","22.7","","17.2","","71","","","M","","M","","","101.06","","28","","","","NA"
"2008-09-01 10:00","2008","09","01","10:00","23.9","","18.4","","71","","","M","","M","","","101.05","","30","","","","NA"
"2008-09-01 11:00","2008","09","01","11:00","25.2","","18.1","","65","","","M","","M","","","101.03","","31","","","","NA"
"2008-09-01 12:00","2008","09","01","12:00","25.7","","16.2","","56","","","M","","M","","","100.99","","30","","","","NA"
"2008-09-01 13:00","2008","09","01","13:00","26.5","","14.8","","49","","","M","","M","","","100.95","","30","","","","NA"
"2008-09-01 14:00","2008","09","01","14:00","26.9","","14.2","","46","","","M","","M","","","100.91","","30","","","","NA"
"2008-09-01 15:00","2008","09","01","15:00","26.9","","14.8","","47","","","M","","M","","","100.86","","31","","","","NA"
"2008-09-01 16:00","2008","09","01","16:00","25.8","","14.6","","50","","","M","","M","","","100.81","","30","","","","NA"
"2008-09-01 17:00","2008","09","01","17:00","25.1","","14.2","","51","","","M","","M","","","100.80","","29","","","","NA"
"2008-09-01 18:00","2008","09","01","18:00","24.8","","14.5","","53","","","M","","M","","","100.78","","28","","","","NA"
"2008-09-01 19:00","2008","09","01","19:00","23.2","","14.5","","58","","","M","","M","","","100.77","","27","","","","NA"
"2008-09-01 20:00","2008","09","01","20:00","22.1","","14.1","","60","","","M","","M","","","100.80","","26","","","","NA"
"2008-09-01 21:00","2008","09","01","21:00","21.4","","15.7","","70","","","M","","M","","","100.79","","26","","","","NA"
"2008-09-01 22:00","2008","09","01","22:00","20.2","","16.3","","78","","","M","","M","","","100.79","","25","","","","NA"
"2008-09-01 23:00","2008","09","01","23:00","19.6","","16.9","","84","","","M","","M","","","100.75","","","","","","NA"
"2008-09-02 00:00","2008","09","02","00:00","19.2","","16.3","","83","","","M","","M","","","100.75","","","","","","NA"
"2008-09-02 01:00","2008","09","02","01:00","18.6","","16.1","","85","","","M","","M","","","100.74","","","","","","NA"
"2008-09-02 02:00","2008","09","02","02:00","17.7","","14.8","","83","","","M","","M","","","100.70","","","","","","NA"
"2008-09-02 03:00","2008","09","02","03:00","17.6","","15.0","","85","","","M","","M","","","100.67","","","","","","NA"
"2008-09-02 04:00","2008","09","02","04:00","17.3","","14.7","","85","","","M","","M","","","100.69","","","","","","NA"
"2008-09-02 05:00","2008","09","02","05:00","16.7","","14.5","","87","","","M","","M","","","100.69","","","","","","NA"
"2008-09-02 06:00","2008","09","02","06:00","16.9","","14.3","","85","","","M","","M","","","100.71","","","","","","NA"
"2008-09-02 07:00","2008","09","02","07:00","18.8","","15.4","","81","","","M","","M","","","100.72","","","","","","NA"
"2008-09-02 08:00","2008","09","02","08:00","21.8","","16.8","","73","","","M","","M","","","100.72","","27","","","","NA"
"2008-09-02 09:00","2008","09","02","09:00","23.7","","16.7","","65","","","M","","M","","","100.73","","29","","","","NA"
"2008-09-02 10:00","2008","09","02","10:00","24.4","","18.1","","68","","","M","","M","","","100.72","","30","","","","NA"
"2008-09-02 11:00","2008","09","02","11:00","24.5","","17.6","","65","","","M","","M","","","100.67","","30","","","","NA"
"2008-09-02 12:00","2008","09","02","12:00","25.6","","16.5","","57","","","M","","M","","","100.61","","31","","","","NA"
"2008-09-02 13:00","2008","09","02","13:00","25.5","","17.2","","60","","","M","","M","","","100.54","","31","","","","NA"
"2008-09-02 14:00","2008","09","02","14:00","27.0","","16.6","","53","","","M","","M","","","100.49","","32","","","","NA"
"2008-09-02 15:00","2008","09","02","15:00","26.8","","15.2","","49","","","M","","M","","","100.43","","31","","","","NA"
"2008-09-02 16:00","2008","09","02","16:00","25.8","","15.3","","52","","","M","","M","","","100.43","","30","","","","NA"
"2008-09-02 17:00","2008","09","02","17:00","25.2","","14.7","","52","","","M","","M","","","100.36","","29","","","","NA"
"2008-09-02 18:00","2008","09","02","18:00","24.7","","15.2","","55","","","M","","M","","","100.33","","29","","","","NA"
"2008-09-02 19:00","2008","09","02","19:00","22.9","","14.9","","61","","","M","","M","","","100.30","","27","","","","NA"
"2008-09-02 20:00","2008","09","02","20:00","21.9","","15.1","","65","","","M","","M","","","100.29","","26","","","","NA"
"2008-09-02 21:00","2008","09","02","21:00","21.5","","14.6","","65","","","M","","M","","","100.31","","25","","","","NA"
"2008-09-02 22:00","2008","09","02","22:00","21.5","","17.3","","77","","","M","","M","","","100.28","","27","","","","NA"
"2008-09-02 23:00","2008","09","02","23:00","20.3","","17.7","","85","","","M","","M","","","100.26","","26","","","","NA"
"2008-09-03 00:00","2008","09","03","00:00","19.8","","17.5","","87","","","M","","M","","","100.24","","","","","","NA"
"2008-09-03 01:00","2008","09","03","01:00","19.8","","17.5","","87","","","M","","M","","","100.20","","","","","","NA"
"2008-09-03 02:00","2008","09","03","02:00","19.2","","17.1","","88","","","M","","M","","","100.16","","","","","","NA"
"2008-09-03 03:00","2008","09","03","03:00","18.1","","16.3","","89","","","M","","M","","","100.12","","","","","","NA"
"2008-09-03 04:00","2008","09","03","04:00","17.6","","15.9","","90","","","M","","M","","","100.11","","","","","","NA"
"2008-09-03 05:00","2008","09","03","05:00","17.2","","15.8","","91","","","M","","M","","","100.08","","","","","","NA"
"2008-09-03 06:00","2008","09","03","06:00","17.1","","16.0","","93","","","M","","M","","","100.14","","","","","","NA"
"2008-09-03 07:00","2008","09","03","07:00","18.8","","17.0","","89","","","M","","M","","","100.15","","","","","","NA"
"2008-09-03 08:00","2008","09","03","08:00","22.4","","17.5","","74","","","M","","M","","","100.14","","28","","","","NA"
"2008-09-03 09:00","2008","09","03","09:00","24.5","","16.4","","61","","","M","","M","","","100.10","","29","","","","NA"
"2008-09-03 10:00","2008","09","03","10:00","26.0","","17.6","","60","","","M","","M","","","100.09","","32","","","","NA"
"2008-09-03 11:00","2008","09","03","11:00","26.0","","18.8","","65","","","M","","M","","","100.08","","33","","","","NA"
"2008-09-03 12:00","2008","09","03","12:00","26.9","","17.7","","57","","","M","","M","","","100.04","","33","","","","NA"
"2008-09-03 13:00","2008","09","03","13:00","27.9","","17.0","","52","","","M","","M","","","99.98","","33","","","","NA"
"2008-09-03 14:00","2008","09","03","14:00","28.0","","17.3","","52","","","M","","M","","","99.91","","33","","","","NA"
"2008-09-03 15:00","2008","09","03","15:00","28.5","","18.1","","53","","","M","","M","","","99.83","","35","","","","NA"
"2008-09-03 16:00","2008","09","03","16:00","28.5","","18.8","","56","","","M","","M","","","99.80","","35","","","","NA"
"2008-09-03 17:00","2008","09","03","17:00","27.9","","19.1","","59","","","M","","M","","","99.75","","35","","","","NA"
"2008-09-03 18:00","2008","09","03","18:00","27.1","","19.8","","64","","","M","","M","","","99.73","","35","","","","NA"
"2008-09-03 19:00","2008","09","03","19:00","27.7","","19.1","","60","","","M","","M","","","99.77","","35","","","","NA"
"2008-09-03 20:00","2008","09","03","20:00","25.5","","20.6","","74","","","M","","M","","","99.85","","34","","","","NA"
"2008-09-03 21:00","2008","09","03","21:00","24.1","","20.7","","81","","","M","","M","","","99.91","","32","","","","NA"
"2008-09-03 22:00","2008","09","03","22:00","23.9","","20.2","","80","","","M","","M","","","99.92","","32","","","","NA"
"2008-09-03 23:00","2008","09","03","23:00","23.2","","19.8","","81","","","M","","M","","","99.95","","31","","","","NA"
"2008-09-04 00:00","2008","09","04","00:00","21.8","","18.5","","82","","","M","","M","","","100.04","","28","","","","NA"
"2008-09-04 01:00","2008","09","04","01:00","20.8","","15.5","","72","","","M","","M","","","100.05","","25","","","","NA"
"2008-09-04 02:00","2008","09","04","02:00","20.1","","14.9","","72","","","M","","M","","","99.99","","","","","","NA"
"2008-09-04 03:00","2008","09","04","03:00","19.7","","15.0","","74","","","M","","M","","","99.99","","","","","","NA"
"2008-09-04 04:00","2008","09","04","04:00","19.5","","15.2","","76","","","M","","M","","","100.02","","","","","","NA"
"2008-09-04 05:00","2008","09","04","05:00","19.2","","15.2","","78","","","M","","M","","","100.03","","","","","","NA"
"2008-09-04 06:00","2008","09","04","06:00","18.8","","15.4","","81","","","M","","M","","","100.10","","","","","","NA"
"2008-09-04 07:00","2008","09","04","07:00","19.3","","16.0","","81","","","M","","M","","","100.12","","","","","","NA"
"2008-09-04 08:00","2008","09","04","08:00","20.5","","17.1","","81","","","M","","M","","","100.12","","26","","","","NA"
"2008-09-04 09:00","2008","09","04","09:00","21.8","","17.8","","78","","","M","","M","","","100.14","","28","","","","NA"
"2008-09-04 10:00","2008","09","04","10:00","23.1","","18.0","","73","","","M","","M","","","100.17","","29","","","","NA"
"2008-09-04 11:00","2008","09","04","11:00","23.6","","18.3","","72","","","M","","M","","","100.15","","30","","","","NA"
"2008-09-04 12:00","2008","09","04","12:00","24.0","","18.7","","72","","","M","","M","","","100.12","","31","","","","NA"
"2008-09-04 13:00","2008","09","04","13:00","23.8","","18.9","","74","","","M","","M","","","100.08","","30","","","","NA"
"2008-09-04 14:00","2008","09","04","14:00","24.4","","19.3","","73","","","M","","M","","","100.04","","31","","","","NA"
"2008-09-04 15:00","2008","09","04","15:00","23.1","","18.9","","77","","","M","","M","","","99.99","","30","","","","NA"
"2008-09-04 16:00","2008","09","04","16:00","23.2","","18.7","","76","","","M","","M","","","99.97","","30","","","","NA"
"2008-09-04 17:00","2008","09","04","17:00","23.5","","18.9","","75","","","M","","M","","","99.92","","30","","","","NA"
"2008-09-04 18:00","2008","09","04","18:00","22.6","","18.9","","80","","","M","","M","","","99.89","","29","","","","NA"
"2008-09-04 19:00","2008","09","04","19:00","22.4","","19.5","","84","","","M","","M","","","99.87","","30","","","","NA"
"2008-09-04 20:00","2008","09","04","20:00","22.7","","19.9","","84","","","M","","M","","","99.87","","30","","","","NA"
"2008-09-04 21:00","2008","09","04","21:00","22.6","","20.5","","88","","","M","","M","","","99.80","","31","","","","NA"
"2008-09-04 22:00","2008","09","04","22:00","22.4","","20.2","","87","","","M","","M","","","99.80","","30","","","","NA"
"2008-09-04 23:00","2008","09","04","23:00","22.4","","19.1","","82","","","M","","M","","","99.71","","29","","","","NA"
"2008-09-05 00:00","2008","09","05","00:00","22.4","","19.6","","84","","","M","","M","","","99.66","","30","","","","NA"
"2008-09-05 01:00","2008","09","05","01:00","22.3","","20.0","","87","","","M","","M","","","99.57","","30","","","","NA"
"2008-09-05 02:00","2008","09","05","02:00","22.0","","20.7","","92","","","M","","M","","","99.49","","30","","","","NA"
"2008-09-05 03:00","2008","09","05","03:00","22.4","","20.7","","90","","","M","","M","","","99.43","","31","","","","NA"
"2008-09-05 04:00","2008","09","05","04:00","22.1","","20.5","","91","","","M","","M","","","99.42","","30","","","","NA"
"2008-09-05 05:00","2008","09","05","05:00","22.4","","20.6","","90","","","M","","M","","","99.37","","30","","","","NA"
"2008-09-05 06:00","2008","09","05","06:00","23.5","","19.8","","80","","","M","","M","","","99.40","","31","","","","NA"
"2008-09-05 07:00","2008","09","05","07:00","24.1","","19.4","","75","","","M","","M","","","99.43","","31","","","","NA"
"2008-09-05 08:00","2008","09","05","08:00","24.7","","19.5","","73","","","M","","M","","","99.45","","32","","","","NA"
"2008-09-05 09:00","2008","09","05","09:00","25.4","","19.7","","71","","","M","","M","","","99.46","","33","","","","NA"
"2008-09-05 10:00","2008","09","05","10:00","25.0","","19.2","","70","","","M","","M","","","99.47","","32","","","","NA"
"2008-09-05 11:00","2008","09","05","11:00","25.0","","19.4","","71","","","M","","M","","","99.50","","32","","","","NA"
"2008-09-05 12:00","2008","09","05","12:00","25.1","","19.6","","72","","","M","","M","","","99.52","","32","","","","NA"
"2008-09-05 13:00","2008","09","05","13:00","25.0","","19.4","","71","","","M","","M","","","99.52","","32","","","","NA"
"2008-09-05 14:00","2008","09","05","14:00","24.4","","19.7","","75","","","M","","M","","","99.55","","32","","","","NA"
"2008-09-05 15:00","2008","09","05","15:00","24.2","","20.2","","78","","","M","","M","","","99.57","","32","","","","NA"
"2008-09-05 16:00","2008","09","05","16:00","24.0","","20.3","","80","","","M","","M","","","99.62","","32","","","","NA"
"2008-09-05 17:00","2008","09","05","17:00","23.7","","20.4","","82","","","M","","M","","","99.68","","32","","","","NA"
"2008-09-05 18:00","2008","09","05","18:00","21.6","","18.0","","80","","","M","","M","","","99.78","","28","","","","NA"
"2008-09-05 19:00","2008","09","05","19:00","20.7","","17.4","","81","","","M","","M","","","99.81","","26","","","","NA"
"2008-09-05 20:00","2008","09","05","20:00","20.1","","17.3","","84","","","M","","M","","","99.87","","26","","","","NA"
"2008-09-05 21:00","2008","09","05","21:00","19.8","","16.5","","81","","","M","","M","","","99.94","","","","","","NA"
"2008-09-05 22:00","2008","09","05","22:00","19.2","","15.6","","80","","","M","","M","","","99.96","","","","","","NA"
"2008-09-05 23:00","2008","09","05","23:00","18.6","","15.6","","83","","","M","","M","","","99.93","","","","","","NA"
"2008-09-06 00:00","2008","09","06","00:00","17.9","","15.9","","88","","","M","","M","","","99.90","","","","","","NA"
"2008-09-06 01:00","2008","09","06","01:00","18.0","","15.8","","87","","","M","","M","","","99.91","","","","","","NA"
"2008-09-06 02:00","2008","09","06","02:00","17.0","","14.6","","86","","","M","","M","","","99.88","","","","","","NA"
"2008-09-06 03:00","2008","09","06","03:00","16.5","","14.7","","89","","","M","","M","","","99.88","","","","","","NA"
"2008-09-06 04:00","2008","09","06","04:00","15.9","","14.4","","91","","","M","","M","","","99.91","","","","","","NA"
"2008-09-06 05:00","2008","09","06","05:00","15.6","","14.8","","95","","","M","","M","","","99.87","","","","","","NA"
"2008-09-06 06:00","2008","09","06","06:00","15.4","","14.7","","96","","","M","","M","","","99.89","","","","","","NA"
"2008-09-06 07:00","2008","09","06","07:00","15.1","","14.4","","96","","","M","","M","","","99.93","","","","","","NA"
"2008-09-06 08:00","2008","09","06","08:00","15.4","","14.7","","96","","","M","","M","","","99.92","","","","","","NA"
"2008-09-06 09:00","2008","09","06","09:00","15.9","","15.1","","95","","","M","","M","","","99.90","","","","","","NA"
"2008-09-06 10:00","2008","09","06","10:00","17.2","","15.5","","90","","","M","","M","","","99.89","","","","","","NA"
"2008-09-06 11:00","2008","09","06","11:00","18.6","","15.7","","83","","","M","","M","","","99.86","","","","","","NA"
"2008-09-06 12:00","2008","09","06","12:00","19.7","","16.5","","82","","","M","","M","","","99.87","","","","","","NA"
"2008-09-06 13:00","2008","09","06","13:00","19.2","","16.3","","83","","","M","","M","","","99.85","","","","","","NA"
"2008-09-06 14:00","2008","09","06","14:00","19.3","","16.3","","83","","","M","","M","","","99.85","","","","","","NA"
"2008-09-06 15:00","2008","09","06","15:00","19.6","","16.0","","80","","","M","","M","","","99.84","","","","","","NA"
"2008-09-06 16:00","2008","09","06","16:00","19.4","","16.2","","82","","","M","","M","","","99.85","","","","","","NA"
"2008-09-06 17:00","2008","09","06","17:00","20.2","","14.2","","68","","","M","","M","","","99.88","","","","","","NA"
"2008-09-06 18:00","2008","09","06","18:00","19.8","","12.2","","62","","","M","","M","","","99.93","","","","","","NA"
"2008-09-06 19:00","2008","09","06","19:00","18.1","","10.8","","62","","","M","","M","","","99.93","","","","","","NA"
"2008-09-06 20:00","2008","09","06","20:00","17.4","","10.6","","64","","","M","","M","","","99.97","","","","","","NA"
"2008-09-06 21:00","2008","09","06","21:00","16.6","","11.2","","70","","","M","","M","","","99.98","","","","","","NA"
"2008-09-06 22:00","2008","09","06","22:00","16.1","","11.3","","73","","","M","","M","","","100.00","","","","","","NA"
"2008-09-06 23:00","2008","09","06","23:00","15.5","","11.4","","77","","","M","","M","","","100.03","","","","","","NA"
"2008-09-07 00:00","2008","09","07","00:00","15.1","","11.4","","79","","","M","","M","","","100.04","","","","","","NA"
"2008-09-07 01:00","2008","09","07","01:00","14.2","","11.4","","83","","","M","","M","","","100.06","","","","","","NA"
"2008-09-07 02:00","2008","09","07","02:00","14.2","","11.4","","83","","","M","","M","","","100.08","","","","","","NA"
"2008-09-07 03:00","2008","09","07","03:00","13.8","","11.4","","85","","","M","","M","","","100.11","","","","","","NA"
"2008-09-07 04:00","2008","09","07","04:00","13.4","","11.6","","89","","","M","","M","","","100.14","","","","","","NA"
"2008-09-07 05:00","2008","09","07","05:00","14.0","","11.6","","85","","","M","","M","","","100.15","","","","","","NA"
"2008-09-07 06:00","2008","09","07","06:00","14.5","","12.0","","85","","","M","","M","","","100.14","","","","","","NA"
"2008-09-07 07:00","2008","09","07","07:00","15.7","","12.7","","82","","","M","","M","","","100.15","","","","","","NA"
"2008-09-07 08:00","2008","09","07","08:00","16.4","","13.4","","82","","","M","","M","","","100.13","","","","","","NA"
"2008-09-07 09:00","2008","09","07","09:00","17.2","","14.2","","83","","","M","","M","","","100.17","","","","","","NA"
"2008-09-07 10:00","2008","09","07","10:00","15.8","","14.0","","89","","","M","","M","","","100.27","","","","","","NA"
"2008-09-07 11:00","2008","09","07","11:00","15.5","","14.4","","93","","","M","","M","","","100.24","","","","","","NA"
"2008-09-07 12:00","2008","09","07","12:00","15.3","","14.5","","95","","","M","","M","","","100.20","","","","","","NA"
"2008-09-07 13:00","2008","09","07","13:00","15.7","","14.8","","94","","","M","","M","","","100.19","","","","","","NA"
"2008-09-07 14:00","2008","09","07","14:00","15.5","","14.4","","93","","","M","","M","","","100.11","","","","","","NA"
"2008-09-07 15:00","2008","09","07","15:00","17.1","","14.6","","85","","","M","","M","","","100.15","","","","","","NA"
"2008-09-07 16:00","2008","09","07","16:00","17.9","","14.2","","79","","","M","","M","","","100.12","","","","","","NA"
"2008-09-07 17:00","2008","09","07","17:00","17.5","","13.9","","79","","","M","","M","","","100.15","","","","","","NA"
"2008-09-07 18:00","2008","09","07","18:00","17.8","","15.0","","84","","","M","","M","","","100.16","","","","","","NA"
"2008-09-07 19:00","2008","09","07","19:00","18.1","","14.4","","79","","","M","","M","","","100.17","","","","","","NA"
"2008-09-07 20:00","2008","09","07","20:00","17.7","","14.1","","79","","","M","","M","","","100.28","","","","","","NA"
"2008-09-07 21:00","2008","09","07","21:00","17.2","","14.3","","83","","","M","","M","","","100.31","","","","","","NA"
"2008-09-07 22:00","2008","09","07","22:00","16.9","","13.9","","82","","","M","","M","","","100.32","","","","","","NA"
"2008-09-07 23:00","2008","09","07","23:00","16.9","","13.7","","81","","","M","","M","","","100.37","","","","","","NA"
"2008-09-08 00:00","2008","09","08","00:00","15.3","","13.3","","88","","","M","","M","","","100.36","","","","","","NA"
"2008-09-08 01:00","2008","09","08","01:00","15.7","","14.2","","91","","","M","","M","","","100.36","","","","","","NA"
"2008-09-08 02:00","2008","09","08","02:00","14.7","","13.8","","94","","","M","","M","","","100.34","","","","","","NA"
"2008-09-08 03:00","2008","09","08","03:00","14.0","","13.4","","96","","","M","","M","","","100.36","","","","","","NA"
"2008-09-08 04:00","2008","09","08","04:00","13.5","","13.1","","97","","","M","","M","","","100.39","","","","","","NA"
"2008-09-08 05:00","2008","09","08","05:00","13.4","","13.2","","99","","","M","","M","","","100.43","","","","","","NA"
"2008-09-08 06:00","2008","09","08","06:00","13.9","","13.5","","97","","","M","","M","","","100.44","","","","","","NA"
"2008-09-08 07:00","2008","09","08","07:00","15.0","","14.4","","96","","","M","","M","","","100.48","","","","","","NA"
"2008-09-08 08:00","2008","09","08","08:00","17.0","","14.6","","86","","","M","","M","","","100.57","","","","","","NA"
"2008-09-08 09:00","2008","09","08","09:00","19.4","","14.5","","73","","","M","","M","","","100.55","","","","","","NA"
"2008-09-08 10:00","2008","09","08","10:00","20.2","","15.5","","74","","","M","","M","","","100.50","","","","","","NA"
"2008-09-08 11:00","2008","09","08","11:00","21.0","","15.3","","70","","","M","","M","","","100.45","","25","","","","NA"
"2008-09-08 12:00","2008","09","08","12:00","21.9","","15.7","","68","","","M","","M","","","100.43","","26","","","","NA"
"2008-09-08 13:00","2008","09","08","13:00","23.4","","13.9","","55","","","M","","M","","","100.37","","27","","","","NA"
"2008-09-08 14:00","2008","09","08","14:00","23.2","","13.1","","53","","","M","","M","","","100.32","","26","","","","NA"
"2008-09-08 15:00","2008","09","08","15:00","23.0","","13.1","","54","","","M","","M","","","100.34","","26","","","","NA"
"2008-09-08 16:00","2008","09","08","16:00","22.3","","13.6","","58","","","M","","M","","","100.35","","25","","","","NA"
"2008-09-08 17:00","2008","09","08","17:00","21.9","","14.1","","61","","","M","","M","","","100.30","","25","","","","NA"
"2008-09-08 18:00","2008","09","08","18:00","21.1","","14.5","","66","","","M","","M","","","100.28","","25","","","","NA"
"2008-09-08 19:00","2008","09","08","19:00","18.1","","16.0","","88","","","M","","M","","","100.34","","","","","","NA"
"2008-09-08 20:00","2008","09","08","20:00","17.0","","15.7","","92","","","M","","M","","","100.34","","","","","","NA"
"2008-09-08 21:00","2008","09","08","21:00","16.4","","15.4","","94","","","M","","M","","","100.34","","","","","","NA"
"2008-09-08 22:00","2008","09","08","22:00","15.9","","14.8","","93","","","M","","M","","","100.30","","","","","","NA"
"2008-09-08 23:00","2008","09","08","23:00","15.2","","13.7","","91","","","M","","M","","","100.19","","","","","","NA"
"2008-09-09 00:00","2008","09","09","00:00","14.2","","13.0","","92","","","M","","M","","","100.14","","","","","","NA"
"2008-09-09 01:00","2008","09","09","01:00","13.7","","12.7","","94","","","M","","M","","","100.03","","","","","","NA"
"2008-09-09 02:00","2008","09","09","02:00","13.0","","12.6","","97","","","M","","M","","","100.02","","","","","","NA"
"2008-09-09 03:00","2008","09","09","03:00","13.1","","12.8","","98","","","M","","M","","","99.94","","","","","","NA"
"2008-09-09 04:00","2008","09","09","04:00","13.2","","12.9","","98","","","M","","M","","","99.91","","","","","","NA"
"2008-09-09 05:00","2008","09","09","05:00","13.5","","13.3","","99","","","M","","M","","","99.92","","","","","","NA"
"2008-09-09 06:00","2008","09","09","06:00","13.2","","13.0","","99","","","M","","M","","","99.98","","","","","","NA"
"2008-09-09 07:00","2008","09","09","07:00","13.2","","12.9","","98","","","M","","M","","","100.04","","","","","","NA"
"2008-09-09 08:00","2008","09","09","08:00","13.8","","13.3","","97","","","M","","M","","","100.05","","","","","","NA"
"2008-09-09 09:00","2008","09","09","09:00","15.7","","13.7","","88","","","M","","M","","","100.10","","","","","","NA"
"2008-09-09 10:00","2008","09","09","10:00","16.6","","12.7","","78","","","M","","M","","","100.15","","","","","","NA"
"2008-09-09 11:00","2008","09","09","11:00","16.7","","11.1","","70","","","M","","M","","","100.18","","","","","","NA"
"2008-09-09 12:00","2008","09","09","12:00","18.5","","10.7","","60","","","M","","M","","","100.18","","","","","","NA"
"2008-09-09 13:00","2008","09","09","13:00","19.7","","11.7","","60","","","M","","M","","","100.18","","","","","","NA"
"2008-09-09 14:00","2008","09","09","14:00","18.6","","11.0","","61","","","M","","M","","","100.20","","","","","","NA"
"2008-09-09 15:00","2008","09","09","15:00","15.8","","12.3","","80","","","M","","M","","","100.24","","","","","","NA"
"2008-09-09 16:00","2008","09","09","16:00","17.2","","12.1","","72","","","M","","M","","","100.28","","","","","","NA"
"2008-09-09 17:00","2008","09","09","17:00","15.9","","12.6","","81","","","M","","M","","","100.35","","","","","","NA"
"2008-09-09 18:00","2008","09","09","18:00","15.2","","12.3","","83","","","M","","M","","","100.46","","","","","","NA"
"2008-09-09 19:00","2008","09","09","19:00","14.5","","11.5","","82","","","M","","M","","","100.47","","","","","","NA"
"2008-09-09 20:00","2008","09","09","20:00","14.3","","11.7","","84","","","M","","M","","","100.58","","","","","","NA"
"2008-09-09 21:00","2008","09","09","21:00","13.3","","11.3","","88","","","M","","M","","","100.65","","","","","","NA"
"2008-09-09 22:00","2008","09","09","22:00","13.1","","10.6","","85","","","M","","M","","","100.72","","","","","","NA"
"2008-09-09 23:00","2008","09","09","23:00","12.8","","10.3","","85","","","M","","M","","","100.76","","","","","","NA"
"2008-09-10 00:00","2008","09","10","00:00","12.3","","9.7","","84","","","M","","M","","","100.83","","","","","","NA"
"2008-09-10 01:00","2008","09","10","01:00","11.7","","9.4","","86","","","M","","M","","","100.87","","","","","","NA"
"2008-09-10 02:00","2008","09","10","02:00","11.4","","9.1","","86","","","M","","M","","","100.90","","","","","","NA"
"2008-09-10 03:00","2008","09","10","03:00","10.9","","8.9","","87","","","M","","M","","","100.96","","","","","","NA"
"2008-09-10 04:00","2008","09","10","04:00","10.2","","8.5","","89","","","M","","M","","","101.02","","","","","","NA"
"2008-09-10 05:00","2008","09","10","05:00","10.6","","8.6","","87","","","M","","M","","","101.08","","","","","","NA"
"2008-09-10 06:00","2008","09","10","06:00","11.6","","7.6","","76","","","M","","M","","","101.14","","","","","","NA"
"2008-09-10 07:00","2008","09","10","07:00","12.3","","7.1","","71","","","M","","M","","","101.21","","","","","","NA"
"2008-09-10 08:00","2008","09","10","08:00","13.8","","7.5","","66","","","M","","M","","","101.27","","","","","","NA"
"2008-09-10 09:00","2008","09","10","09:00","15.2","","7.4","","60","","","M","","M","","","101.31","","","","","","NA"
"2008-09-10 10:00","2008","09","10","10:00","16.5","","5.4","","48","","","M","","M","","","101.33","","","","","","NA"
"2008-09-10 11:00","2008","09","10","11:00","17.0","","8.0","","55","","","M","","M","","","101.32","","","","","","NA"
"2008-09-10 12:00","2008","09","10","12:00","17.9","","8.0","","52","","","M","","M","","","101.31","","","","","","NA"
"2008-09-10 13:00","2008","09","10","13:00","17.8","","8.5","","54","","","M","","M","","","101.29","","","","","","NA"
"2008-09-10 14:00","2008","09","10","14:00","18.1","","7.5","","50","","","M","","M","","","101.28","","","","","","NA"
"2008-09-10 15:00","2008","09","10","15:00","18.0","","6.9","","48","","","M","","M","","","101.24","","","","","","NA"
"2008-09-10 16:00","2008","09","10","16:00","17.0","","6.3","","49","","","M","","M","","","101.21","","","","","","NA"
"2008-09-10 17:00","2008","09","10","17:00","16.7","","6.6","","51","","","M","","M","","","101.21","","","","","","NA"
"2008-09-10 18:00","2008","09","10","18:00","16.5","","7.0","","53","","","M","","M","","","101.21","","","","","","NA"
"2008-09-10 19:00","2008","09","10","19:00","16.0","","8.0","","59","","","M","","M","","","101.19","","","","","","NA"
"2008-09-10 20:00","2008","09","10","20:00","15.6","","8.3","","62","","","M","","M","","","101.25","","","","","","NA"
"2008-09-10 21:00","2008","09","10","21:00","15.5","","8.4","","63","","","M","","M","","","101.25","","","","","","NA"
"2008-09-10 22:00","2008","09","10","22:00","15.0","","9.0","","67","","","M","","M","","","101.27","","","","","","NA"
"2008-09-10 23:00","2008","09","10","23:00","15.3","","9.2","","67","","","M","","M","","","101.26","","","","","","NA"
"2008-09-11 00:00","2008","09","11","00:00","14.9","","9.5","","70","","","M","","M","","","101.29","","","","","","NA"
"2008-09-11 01:00","2008","09","11","01:00","14.0","","8.4","","69","","","M","","M","","","101.29","","","","","","NA"
"2008-09-11 02:00","2008","09","11","02:00","12.8","","9.1","","78","","","M","","M","","","101.27","","","","","","NA"
"2008-09-11 03:00","2008","09","11","03:00","12.4","","9.5","","82","","","M","","M","","","101.23","","","","","","NA"
"2008-09-11 04:00","2008","09","11","04:00","11.5","","9.3","","86","","","M","","M","","","101.22","","","","","","NA"
"2008-09-11 05:00","2008","09","11","05:00","12.0","","9.3","","84","","","M","","M","","","101.22","","","","","","NA"
"2008-09-11 06:00","2008","09","11","06:00","12.0","","9.4","","84","","","M","","M","","","101.26","","","","","","NA"
"2008-09-11 07:00","2008","09","11","07:00","12.8","","9.9","","83","","","M","","M","","","101.24","","","","","","NA"
"2008-09-11 08:00","2008","09","11","08:00","15.7","","11.2","","75","","","M","","M","","","101.22","","","","","","NA"
"2008-09-11 09:00","2008","09","11","09:00","17.3","","10.4","","64","","","M","","M","","","101.19","","","","","","NA"
"2008-09-11 10:00","2008","09","11","10:00","18.0","","10.5","","62","","","M","","M","","","101.19","","","","","","NA"
"2008-09-11 11:00","2008","09","11","11:00","19.2","","10.3","","56","","","M","","M","","","101.14","","","","","","NA"
"2008-09-11 12:00","2008","09","11","12:00","19.7","","10.9","","57","","","M","","M","","","101.09","","","","","","NA"
"2008-09-11 13:00","2008","09","11","13:00","19.4","","11.5","","60","","","M","","M","","","101.01","","","","","","NA"
"2008-09-11 14:00","2008","09","11","14:00","18.9","","12.6","","67","","","M","","M","","","100.92","","","","","","NA"
"2008-09-11 15:00","2008","09","11","15:00","18.9","","12.9","","68","","","M","","M","","","100.84","","","","","","NA"
"2008-09-11 16:00","2008","09","11","16:00","19.1","","13.4","","70","","","M","","M","","","100.77","","","","","","NA"
"2008-09-11 17:00","2008","09","11","17:00","19.2","","14.1","","72","","","M","","M","","","100.73","","","","","","NA"
"2008-09-11 18:00","2008","09","11","18:00","18.9","","14.8","","77","","","M","","M","","","100.71","","","","","","NA"
"2008-09-11 19:00","2008","09","11","19:00","18.4","","15.1","","81","","","M","","M","","","100.65","","","","","","NA"
"2008-09-11 20:00","2008","09","11","20:00","18.6","","15.4","","82","","","M","","M","","","100.62","","","","","","NA"
"2008-09-11 21:00","2008","09","11","21:00","18.5","","16.4","","88","","","M","","M","","","100.53","","","","","","NA"
"2008-09-11 22:00","2008","09","11","22:00","18.4","","17.3","","93","","","M","","M","","","100.50","","","","","","NA"
"2008-09-11 23:00","2008","09","11","23:00","17.9","","17.2","","96","","","M","","M","","","100.41","","","","","","NA"
"2008-09-12 00:00","2008","09","12","00:00","18.2","","17.4","","95","","","M","","M","","","100.38","","","","","","NA"
"2008-09-12 01:00","2008","09","12","01:00","18.2","","16.9","","92","","","M","","M","","","100.32","","","","","","NA"
"2008-09-12 02:00","2008","09","12","02:00","18.3","","16.7","","90","","","M","","M","","","100.21","","","","","","NA"
"2008-09-12 03:00","2008","09","12","03:00","17.7","","16.4","","92","","","M","","M","","","100.15","","","","","","NA"
"2008-09-12 04:00","2008","09","12","04:00","17.8","","16.6","","93","","","M","","M","","","100.10","","","","","","NA"
"2008-09-12 05:00","2008","09","12","05:00","18.1","","16.9","","93","","","M","","M","","","100.13","","","","","","NA"
"2008-09-12 06:00","2008","09","12","06:00","17.6","","17.0","","96","","","M","","M","","","100.06","","","","","","NA"
"2008-09-12 07:00","2008","09","12","07:00","18.5","","18.2","","98","","","M","","M","","","100.01","","","","","","NA"
"2008-09-12 08:00","2008","09","12","08:00","19.2","","18.9","","98","","","M","","M","","","99.98","","","","","","NA"
"2008-09-12 09:00","2008","09","12","09:00","19.4","","19.2","","99","","","M","","M","","","99.98","","","","","","NA"
"2008-09-12 10:00","2008","09","12","10:00","20.2","","19.7","","97","","","M","","M","","","99.95","","28","","","","NA"
"2008-09-12 11:00","2008","09","12","11:00","21.4","","20.5","","95","","","M","","M","","","99.92","","29","","","","NA"
"2008-09-12 12:00","2008","09","12","12:00","22.8","","21.1","","90","","","M","","M","","","99.87","","31","","","","NA"
"2008-09-12 13:00","2008","09","12","13:00","23.9","","20.8","","83","","","M","","M","","","99.83","","32","","","","NA"
"2008-09-12 14:00","2008","09","12","14:00","24.2","","21.3","","84","","","M","","M","","","99.77","","33","","","","NA"
"2008-09-12 15:00","2008","09","12","15:00","24.1","","20.8","","82","","","M","","M","","","99.76","","32","","","","NA"
"2008-09-12 16:00","2008","09","12","16:00","24.4","","20.7","","80","","","M","","M","","","99.73","","33","","","","NA"
"2008-09-12 17:00","2008","09","12","17:00","24.1","","20.9","","82","","","M","","M","","","99.74","","32","","","","NA"
"2008-09-12 18:00","2008","09","12","18:00","23.5","","20.6","","84","","","M","","M","","","99.77","","32","","","","NA"
"2008-09-12 19:00","2008","09","12","19:00","23.0","","20.6","","86","","","M","","M","","","99.80","","31","","","","NA"
"2008-09-12 20:00","2008","09","12","20:00","22.0","","20.5","","91","","","M","","M","","","99.85","","30","","","","NA"
"2008-09-12 21:00","2008","09","12","21:00","21.3","","20.5","","95","","","M","","M","","","99.87","","29","","","","NA"
"2008-09-12 22:00","2008","09","12","22:00","20.8","","20.2","","96","","","M","","M","","","99.87","","29","","","","NA"
"2008-09-12 23:00","2008","09","12","23:00","20.5","","20.0","","97","","","M","","M","","","99.88","","28","","","","NA"
"2008-09-13 00:00","2008","09","13","00:00","20.4","","19.9","","97","","","M","","M","","","99.88","","28","","","","NA"
"2008-09-13 01:00","2008","09","13","01:00","20.2","","19.7","","97","","","M","","M","","","99.87","","28","","","","NA"
"2008-09-13 02:00","2008","09","13","02:00","20.1","","19.7","","98","","","M","","M","","","99.86","","27","","","","NA"
"2008-09-13 03:00","2008","09","13","03:00","20.6","","19.9","","96","","","M","","M","","","99.87","","28","","","","NA"
"2008-09-13 04:00","2008","09","13","04:00","20.4","","19.7","","96","","","M","","M","","","99.87","","28","","","","NA"
"2008-09-13 05:00","2008","09","13","05:00","20.3","","19.5","","95","","","M","","M","","","99.84","","27","","","","NA"
"2008-09-13 06:00","2008","09","13","06:00","20.3","","19.5","","95","","","M","","M","","","99.89","","27","","","","NA"
"2008-09-13 07:00","2008","09","13","07:00","20.5","","19.6","","95","","","M","","M","","","99.92","","28","","","","NA"
"2008-09-13 08:00","2008","09","13","08:00","20.4","","19.5","","95","","","M","","M","","","99.91","","28","","","","NA"
"2008-09-13 09:00","2008","09","13","09:00","20.9","","19.5","","92","","","M","","M","","","99.90","","28","","","","NA"
"2008-09-13 10:00","2008","09","13","10:00","21.1","","19.2","","89","","","M","","M","","","99.91","","28","","","","NA"
"2008-09-13 11:00","2008","09","13","11:00","21.0","","19.3","","90","","","M","","M","","","99.82","","28","","","","NA"
"2008-09-13 12:00","2008","09","13","12:00","20.9","","19.9","","94","","","M","","M","","","99.77","","28","","","","NA"
"2008-09-13 13:00","2008","09","13","13:00","20.9","","20.1","","95","","","M","","M","","","99.78","","29","","","","NA"
"2008-09-13 14:00","2008","09","13","14:00","21.3","","20.5","","95","","","M","","M","","","99.68","","29","","","","NA"
"2008-09-13 15:00","2008","09","13","15:00","20.8","","20.3","","97","","","M","","M","","","99.59","","29","","","","NA"
"2008-09-13 16:00","2008","09","13","16:00","20.5","","20.3","","99","","","M","","M","","","99.60","","28","","","","NA"
"2008-09-13 17:00","2008","09","13","17:00","20.8","","20.7","","99","","","M","","M","","","99.53","","29","","","","NA"
"2008-09-13 18:00","2008","09","13","18:00","21.0","","20.9","","99","","","M","","M","","","99.49","","29","","","","NA"
"2008-09-13 19:00","2008","09","13","19:00","20.8","","20.8","","100","","","M","","M","","","99.42","","29","","","","NA"
"2008-09-13 20:00","2008","09","13","20:00","20.7","","20.7","","100","","","M","","M","","","99.36","","29","","","","NA"
"2008-09-13 21:00","2008","09","13","21:00","20.6","","20.6","","100","","","M","","M","","","99.28","","29","","","","NA"
"2008-09-13 22:00","2008","09","13","22:00","21.1","","21.1","","100","","","M","","M","","","99.18","","30","","","","NA"
"2008-09-13 23:00","2008","09","13","23:00","21.2","","21.2","","100","","","M","","M","","","99.10","","30","","","","NA"
"2008-09-14 00:00","2008","09","14","00:00","21.9","","21.9","","100","","","M","","M","","","99.01","","31","","","","NA"
"2008-09-14 01:00","2008","09","14","01:00","22.1","","22.1","","100","","","M","","M","","","98.96","","32","","","","NA"
"2008-09-14 02:00","2008","09","14","02:00","23.3","","23.0","","98","","","M","","M","","","98.99","","34","","","","NA"
"2008-09-14 03:00","2008","09","14","03:00","22.5","","22.3","","99","","","M","","M","","","98.89","","32","","","","NA"
"2008-09-14 04:00","2008","09","14","04:00","22.1","","22.0","","99","","","M","","M","","","98.88","","31","","","","NA"
"2008-09-14 05:00","2008","09","14","05:00","22.0","","21.9","","99","","","M","","M","","","98.84","","31","","","","NA"
"2008-09-14 06:00","2008","09","14","06:00","22.6","","22.5","","99","","","M","","M","","","98.87","","32","","","","NA"
"2008-09-14 07:00","2008","09","14","07:00","22.6","","22.3","","98","","","M","","M","","","98.85","","32","","","","NA"
"2008-09-14 08:00","2008","09","14","08:00","22.6","","22.0","","96","","","M","","M","","","98.84","","32","","","","NA"
"2008-09-14 09:00","2008","09","14","09:00","23.9","","22.6","","92","","","M","","M","","","98.82","","34","","","","NA"
"2008-09-14 10:00","2008","09","14","10:00","25.7","","23.3","","87","","","M","","M","","","98.79","","36","","","","NA"
"2008-09-14 11:00","2008","09","14","11:00","25.2","","22.6","","86","","","M","","M","","","98.74","","35","","","","NA"
"2008-09-14 12:00","2008","09","14","12:00","26.0","","23.0","","84","","","M","","M","","","98.68","","36","","","","NA"
"2008-09-14 13:00","2008","09","14","13:00","26.8","","23.2","","81","","","M","","M","","","98.59","","37","","","","NA"
"2008-09-14 14:00","2008","09","14","14:00","27.6","","22.9","","76","","","M","","M","","","98.47","","38","","","","NA"
"2008-09-14 15:00","2008","09","14","15:00","27.4","","22.9","","76","","","M","","M","","","98.35","","38","","","","NA"
"2008-09-14 16:00","2008","09","14","16:00","26.8","","22.5","","77","","","M","","M","","","98.22","","37","","","","NA"
"2008-09-14 17:00","2008","09","14","17:00","26.6","","22.3","","77","","","M","","M","","","98.01","","36","","","","NA"
"2008-09-14 18:00","2008","09","14","18:00","24.1","","22.4","","90","","","M","","M","","","97.83","","34","","","","NA"
"2008-09-14 19:00","2008","09","14","19:00","23.0","","22.1","","95","","","M","","M","","","97.63","","32","","","","NA"
"2008-09-14 20:00","2008","09","14","20:00","23.1","","22.5","","96","","","M","","M","","","97.57","","33","","","","NA"
"2008-09-14 21:00","2008","09","14","21:00","23.0","","22.4","","96","","","M","","M","","","97.49","","33","","","","NA"
"2008-09-14 22:00","2008","09","14","22:00","23.9","","21.7","","88","","","M","","M","","","97.59","","33","","","","NA"
"2008-09-14 23:00","2008","09","14","23:00","18.0","","15.9","","88","","","M","","M","","","97.81","","","","","","NA"
"2008-09-15 00:00","2008","09","15","00:00","17.9","","15.6","","86","","","M","","M","","","98.38","","","","","","NA"
"2008-09-15 01:00","2008","09","15","01:00","18.0","","15.3","","84","","","M","","M","","","98.70","","","","","","NA"
"2008-09-15 02:00","2008","09","15","02:00","17.3","","14.4","","83","","","M","","M","","","98.89","","","","","","NA"
"2008-09-15 03:00","2008","09","15","03:00","16.8","","13.8","","82","","","M","","M","","","99.00","","","","","","NA"
"2008-09-15 04:00","2008","09","15","04:00","15.8","","13.3","","85","","","M","","M","","","99.11","","","","","","NA"
"2008-09-15 05:00","2008","09","15","05:00","14.7","","12.0","","84","","","M","","M","","","99.23","","","","","","NA"
"2008-09-15 06:00","2008","09","15","06:00","14.1","","11.9","","87","","","M","","M","","","99.38","","","","","","NA"
"2008-09-15 07:00","2008","09","15","07:00","14.0","","11.7","","86","","","M","","M","","","99.55","","","","","","NA"
"2008-09-15 08:00","2008","09","15","08:00","14.4","","11.8","","84","","","M","","M","","","99.64","","","","","","NA"
"2008-09-15 09:00","2008","09","15","09:00","14.9","","11.1","","78","","","M","","M","","","99.73","","","","","","NA"
"2008-09-15 10:00","2008","09","15","10:00","14.9","","11.0","","77","","","M","","M","","","99.87","","","","","","NA"
"2008-09-15 11:00","2008","09","15","11:00","15.8","","11.4","","75","","","M","","M","","","99.96","","","","","","NA"
"2008-09-15 12:00","2008","09","15","12:00","16.2","","11.3","","73","","","M","","M","","","100.03","","","","","","NA"
"2008-09-15 13:00","2008","09","15","13:00","16.8","","12.2","","74","","","M","","M","","","100.09","","","","","","NA"
"2008-09-15 14:00","2008","09","15","14:00","16.3","","11.1","","71","","","M","","M","","","100.13","","","","","","NA"
"2008-09-15 15:00","2008","09","15","15:00","16.6","","11.1","","70","","","M","","M","","","100.20","","","","","","NA"
"2008-09-15 16:00","2008","09","15","16:00","16.2","","10.4","","68","","","M","","M","","","100.22","","","","","","NA"
"2008-09-15 17:00","2008","09","15","17:00","15.5","","10.1","","70","","","M","","M","","","100.29","","","","","","NA"
"2008-09-15 18:00","2008","09","15","18:00","14.9","","9.8","","72","","","M","","M","","","100.34","","","","","","NA"
"2008-09-15 19:00","2008","09","15","19:00","14.1","","9.5","","74","","","M","","M","","","100.45","","","","","","NA"
"2008-09-15 20:00","2008","09","15","20:00","12.9","","8.4","","74","","","M","","M","","","100.51","","","","","","NA"
"2008-09-15 21:00","2008","09","15","21:00","12.4","","8.3","","76","","","M","","M","","","100.55","","","","","","NA"
"2008-09-15 22:00","2008","09","15","22:00","12.0","","8.5","","79","","","M","","M","","","100.61","","","","","","NA"
"2008-09-15 23:00","2008","09","15","23:00","11.6","","8.7","","82","","","M","","M","","","100.67","","","","","","NA"
"2008-09-16 00:00","2008","09","16","00:00","11.0","","8.5","","85","","","M","","M","","","100.65","","","","","","NA"
"2008-09-16 01:00","2008","09","16","01:00","10.3","","8.3","","87","","","M","","M","","","100.66","","","","","","NA"
"2008-09-16 02:00","2008","09","16","02:00","9.7","","8.3","","91","","","M","","M","","","100.66","","","","","","NA"
"2008-09-16 03:00","2008","09","16","03:00","9.8","","7.9","","88","","","M","","M","","","100.65","","","","","","NA"
"2008-09-16 04:00","2008","09","16","04:00","9.7","","7.5","","86","","","M","","M","","","100.66","","","","","","NA"
"2008-09-16 05:00","2008","09","16","05:00","9.7","","7.3","","85","","","M","","M","","","100.67","","","","","","NA"
"2008-09-16 06:00","2008","09","16","06:00","9.1","","7.1","","87","","","M","","M","","","100.72","","","","","","NA"
"2008-09-16 07:00","2008","09","16","07:00","10.3","","7.5","","83","","","M","","M","","","100.76","","","","","","NA"
"2008-09-16 08:00","2008","09","16","08:00","12.5","","8.4","","76","","","M","","M","","","100.78","","","","","","NA"
"2008-09-16 09:00","2008","09","16","09:00","13.8","","8.2","","69","","","M","","M","","","100.81","","","","","","NA"
"2008-09-16 10:00","2008","09","16","10:00","15.1","","8.4","","64","","","M","","M","","","100.82","","","","","","NA"
"2008-09-16 11:00","2008","09","16","11:00","16.8","","8.1","","56","","","M","","M","","","100.81","","","","","","NA"
"2008-09-16 12:00","2008","09","16","12:00","16.6","","7.6","","55","","","M","","M","","","100.80","","","","","","NA"
"2008-09-16 13:00","2008","09","16","13:00","16.7","","9.6","","63","","","M","","M","","","100.78","","","","","","NA"
"2008-09-16 14:00","2008","09","16","14:00","17.8","","11.8","","68","","","M","","M","","","100.71","","","","","","NA"
"2008-09-16 15:00","2008","09","16","15:00","17.9","","8.0","","52","","","M","","M","","","100.65","","","","","","NA"
"2008-09-16 16:00","2008","09","16","16:00","18.8","","9.5","","55","","","M","","M","","","100.64","","","","","","NA"
"2008-09-16 17:00","2008","09","16","17:00","17.5","","11.2","","67","","","M","","M","","","100.62","","","","","","NA"
"2008-09-16 18:00","2008","09","16","18:00","17.0","","11.5","","70","","","M","","M","","","100.62","","","","","","NA"
"2008-09-16 19:00","2008","09","16","19:00","16.4","","11.9","","75","","","M","","M","","","100.62","","","","","","NA"
"2008-09-16 20:00","2008","09","16","20:00","16.6","","12.8","","78","","","M","","M","","","100.66","","","","","","NA"
"2008-09-16 21:00","2008","09","16","21:00","16.2","","12.5","","79","","","M","","M","","","100.68","","","","","","NA"
"2008-09-16 22:00","2008","09","16","22:00","15.3","","11.5","","78","","","M","","M","","","100.70","","","","","","NA"
"2008-09-16 23:00","2008","09","16","23:00","14.3","","11.2","","82","","","M","","M","","","100.72","","","","","","NA"
"2008-09-17 00:00","2008","09","17","00:00","14.2","","10.6","","79","","","M","","M","","","100.71","","","","","","NA"
"2008-09-17 01:00","2008","09","17","01:00","12.9","","10.0","","83","","","M","","M","","","100.67","","","","","","NA"
"2008-09-17 02:00","2008","09","17","02:00","12.4","","9.5","","82","","","M","","M","","","100.63","","","","","","NA"
"2008-09-17 03:00","2008","09","17","03:00","11.9","","9.6","","86","","","M","","M","","","100.63","","","","","","NA"
"2008-09-17 04:00","2008","09","17","04:00","12.2","","10.0","","86","","","M","","M","","","100.62","","","","","","NA"
"2008-09-17 05:00","2008","09","17","05:00","13.0","","10.3","","84","","","M","","M","","","100.60","","","","","","NA"
"2008-09-17 06:00","2008","09","17","06:00","12.9","","10.8","","87","","","M","","M","","","100.59","","","","","","NA"
"2008-09-17 07:00","2008","09","17","07:00","13.4","","10.0","","80","","","M","","M","","","100.60","","","","","","NA"
"2008-09-17 08:00","2008","09","17","08:00","15.2","","10.1","","72","","","M","","M","","","100.60","","","","","","NA"
"2008-09-17 09:00","2008","09","17","09:00","16.9","","11.4","","70","","","M","","M","","","100.59","","","","","","NA"
"2008-09-17 10:00","2008","09","17","10:00","19.0","","12.7","","67","","","M","","M","","","100.55","","","","","","NA"
"2008-09-17 11:00","2008","09","17","11:00","20.7","","14.1","","66","","","M","","M","","","100.48","","","","","","NA"
"2008-09-17 12:00","2008","09","17","12:00","22.3","","14.5","","61","","","M","","M","","","100.45","","26","","","","NA"
"2008-09-17 13:00","2008","09","17","13:00","23.1","","15.0","","60","","","M","","M","","","100.41","","27","","","","NA"
"2008-09-17 14:00","2008","09","17","14:00","23.9","","14.5","","56","","","M","","M","","","100.37","","28","","","","NA"
"2008-09-17 15:00","2008","09","17","15:00","24.0","","15.5","","59","","","M","","M","","","100.35","","28","","","","NA"
"2008-09-17 16:00","2008","09","17","16:00","22.6","","15.8","","65","","","M","","M","","","100.39","","27","","","","NA"
"2008-09-17 17:00","2008","09","17","17:00","22.3","","14.8","","63","","","M","","M","","","100.43","","26","","","","NA"
"2008-09-17 18:00","2008","09","17","18:00","21.2","","14.0","","63","","","M","","M","","","100.46","","25","","","","NA"
"2008-09-17 19:00","2008","09","17","19:00","20.1","","13.8","","67","","","M","","M","","","100.50","","","","","","NA"
"2008-09-17 20:00","2008","09","17","20:00","18.3","","13.3","","73","","","M","","M","","","100.62","","","","","","NA"
"2008-09-17 21:00","2008","09","17","21:00","17.3","","13.2","","77","","","M","","M","","","100.69","","","","","","NA"
"2008-09-17 22:00","2008","09","17","22:00","16.8","","12.8","","77","","","M","","M","","","100.74","","","","","","NA"
"2008-09-17 23:00","2008","09","17","23:00","15.6","","12.8","","83","","","M","","M","","","100.76","","","","","","NA"
"2008-09-18 00:00","2008","09","18","00:00","14.9","","12.2","","84","","","M","","M","","","100.80","","","","","","NA"
"2008-09-18 01:00","2008","09","18","01:00","14.9","","11.9","","82","","","M","","M","","","100.85","","","","","","NA"
"2008-09-18 02:00","2008","09","18","02:00","14.4","","11.5","","83","","","M","","M","","","100.89","","","","","","NA"
"2008-09-18 03:00","2008","09","18","03:00","14.0","","11.2","","83","","","M","","M","","","100.92","","","","","","NA"
"2008-09-18 04:00","2008","09","18","04:00","13.5","","10.8","","84","","","M","","M","","","100.96","","","","","","NA"
"2008-09-18 05:00","2008","09","18","05:00","12.9","","10.8","","87","","","M","","M","","","101.02","","","","","","NA"
"2008-09-18 06:00","2008","09","18","06:00","12.1","","10.4","","89","","","M","","M","","","101.08","","","","","","NA"
"2008-09-18 07:00","2008","09","18","07:00","13.0","","10.7","","86","","","M","","M","","","101.17","","","","","","NA"
"2008-09-18 08:00","2008","09","18","08:00","14.2","","11.3","","83","","","M","","M","","","101.25","","","","","","NA"
"2008-09-18 09:00","2008","09","18","09:00","15.3","","11.3","","77","","","M","","M","","","101.34","","","","","","NA"
"2008-09-18 10:00","2008","09","18","10:00","16.2","","11.3","","73","","","M","","M","","","101.40","","","","","","NA"
"2008-09-18 11:00","2008","09","18","11:00","16.9","","9.8","","63","","","M","","M","","","101.44","","","","","","NA"
"2008-09-18 12:00","2008","09","18","12:00","16.5","","9.8","","65","","","M","","M","","","101.45","","","","","","NA"
"2008-09-18 13:00","2008","09","18","13:00","17.1","","10.4","","65","","","M","","M","","","101.42","","","","","","NA"
"2008-09-18 14:00","2008","09","18","14:00","17.1","","10.8","","66","","","M","","M","","","101.41","","","","","","NA"
"2008-09-18 15:00","2008","09","18","15:00","16.7","","10.4","","66","","","M","","M","","","101.39","","","","","","NA"
"2008-09-18 16:00","2008","09","18","16:00","15.9","","9.9","","68","","","M","","M","","","101.40","","","","","","NA"
"2008-09-18 17:00","2008","09","18","17:00","15.8","","10.0","","68","","","M","","M","","","101.40","","","","","","NA"
"2008-09-18 18:00","2008","09","18","18:00","15.5","","9.8","","69","","","M","","M","","","101.42","","","","","","NA"
"2008-09-18 19:00","2008","09","18","19:00","15.0","","9.4","","69","","","M","","M","","","101.42","","","","","","NA"
"2008-09-18 20:00","2008","09","18","20:00","14.8","","9.7","","71","","","M","","M","","","101.46","","","","","","NA"
"2008-09-18 21:00","2008","09","18","21:00","14.6","","9.6","","72","","","M","","M","","","101.48","","","","","","NA"
"2008-09-18 22:00","2008","09","18","22:00","14.5","","9.6","","72","","","M","","M","","","101.49","","","","","","NA"
"2008-09-18 23:00","2008","09","18","23:00","14.2","","10.1","","76","","","M","","M","","","101.48","","","","","","NA"
"2008-09-19 00:00","2008","09","19","00:00","14.3","","9.2","","71","","","M","","M","","","101.48","","","","","","NA"
"2008-09-19 01:00","2008","09","19","01:00","14.2","","9.3","","72","","","M","","M","","","101.49","","","","","","NA"
"2008-09-19 02:00","2008","09","19","02:00","13.7","","9.2","","74","","","M","","M","","","101.49","","","","","","NA"
"2008-09-19 03:00","2008","09","19","03:00","13.4","","8.8","","74","","","M","","M","","","101.51","","","","","","NA"
"2008-09-19 04:00","2008","09","19","04:00","13.3","","8.8","","74","","","M","","M","","","101.49","","","","","","NA"
"2008-09-19 05:00","2008","09","19","05:00","13.3","","8.9","","75","","","M","","M","","","101.51","","","","","","NA"
"2008-09-19 06:00","2008","09","19","06:00","13.4","","8.8","","74","","","M","","M","","","101.55","","","","","","NA"
"2008-09-19 07:00","2008","09","19","07:00","13.5","","7.6","","67","","","M","","M","","","101.54","","","","","","NA"
"2008-09-19 08:00","2008","09","19","08:00","14.5","","9.9","","74","","","M","","M","","","101.52","","","","","","NA"
"2008-09-19 09:00","2008","09","19","09:00","14.8","","8.2","","65","","","M","","M","","","101.51","","","","","","NA"
"2008-09-19 10:00","2008","09","19","10:00","15.6","","7.4","","58","","","M","","M","","","101.48","","","","","","NA"
"2008-09-19 11:00","2008","09","19","11:00","16.3","","7.5","","56","","","M","","M","","","101.44","","","","","","NA"
"2008-09-19 12:00","2008","09","19","12:00","17.3","","8.4","","56","","","M","","M","","","101.38","","","","","","NA"
"2008-09-19 13:00","2008","09","19","13:00","17.7","","9.4","","58","","","M","","M","","","101.31","","","","","","NA"
"2008-09-19 14:00","2008","09","19","14:00","17.8","","8.9","","56","","","M","","M","","","101.20","","","","","","NA"
"2008-09-19 15:00","2008","09","19","15:00","17.8","","8.9","","56","","","M","","M","","","101.14","","","","","","NA"
"2008-09-19 16:00","2008","09","19","16:00","17.0","","9.2","","60","","","M","","M","","","101.09","","","","","","NA"
"2008-09-19 17:00","2008","09","19","17:00","16.8","","10.1","","65","","","M","","M","","","101.04","","","","","","NA"
"2008-09-19 18:00","2008","09","19","18:00","16.1","","10.9","","71","","","M","","M","","","101.03","","","","","","NA"
"2008-09-19 19:00","2008","09","19","19:00","16.0","","12.3","","79","","","M","","M","","","101.03","","","","","","NA"
"2008-09-19 20:00","2008","09","19","20:00","16.2","","13.1","","82","","","M","","M","","","101.02","","","","","","NA"
"2008-09-19 21:00","2008","09","19","21:00","16.2","","13.8","","86","","","M","","M","","","100.97","","","","","","NA"
"2008-09-19 22:00","2008","09","19","22:00","16.1","","14.4","","90","","","M","","M","","","100.93","","","","","","NA"
"2008-09-19 23:00","2008","09","19","23:00","16.2","","14.6","","90","","","M","","M","","","100.90","","","","","","NA"
"2008-09-20 00:00","2008","09","20","00:00","15.3","","14.2","","93","","","M","","M","","","100.87","","","","","","NA"
"2008-09-20 01:00","2008","09","20","01:00","14.9","","14.3","","96","","","M","","M","","","100.83","","","","","","NA"
"2008-09-20 02:00","2008","09","20","02:00","15.8","","15.3","","97","","","M","","M","","","100.80","","","","","","NA"
"2008-09-20 03:00","2008","09","20","03:00","16.1","","15.0","","93","","","M","","M","","","100.78","","","","","","NA"
"2008-09-20 04:00","2008","09","20","04:00","15.2","","14.2","","94","","","M","","M","","","100.79","","","","","","NA"
"2008-09-20 05:00","2008","09","20","05:00","14.5","","13.7","","95","","","M","","M","","","100.81","","","","","","NA"
"2008-09-20 06:00","2008","09","20","06:00","14.1","","13.6","","97","","","M","","M","","","100.84","","","","","","NA"
"2008-09-20 07:00","2008","09","20","07:00","14.8","","14.4","","97","","","M","","M","","","100.84","","","","","","NA"
"2008-09-20 08:00","2008","09","20","08:00","16.8","","15.7","","93","","","M","","M","","","100.83","","","","","","NA"
"2008-09-20 09:00","2008","09","20","09:00","17.8","","16.1","","90","","","M","","M","","","100.80","","","","","","NA"
"2008-09-20 10:00","2008","09","20","10:00","18.7","","16.2","","85","","","M","","M","","","100.77","","","","","","NA"
"2008-09-20 11:00","2008","09","20","11:00","20.5","","17.1","","81","","","M","","M","","","100.75","","26","","","","NA"
"2008-09-20 12:00","2008","09","20","12:00","22.5","","17.4","","73","","","M","","M","","","100.69","","28","","","","NA"
"2008-09-20 13:00","2008","09","20","13:00","23.1","","17.1","","69","","","M","","M","","","100.62","","28","","","","NA"
"2008-09-20 14:00","2008","09","20","14:00","23.6","","16.8","","66","","","M","","M","","","100.58","","29","","","","NA"
"2008-09-20 15:00","2008","09","20","15:00","24.4","","17.6","","66","","","M","","M","","","100.54","","30","","","","NA"
"2008-09-20 16:00","2008","09","20","16:00","24.0","","16.4","","62","","","M","","M","","","100.51","","29","","","","NA"
"2008-09-20 17:00","2008","09","20","17:00","23.0","","17.1","","69","","","M","","M","","","100.49","","28","","","","NA"
"2008-09-20 18:00","2008","09","20","18:00","22.3","","17.1","","72","","","M","","M","","","100.51","","28","","","","NA"
"2008-09-20 19:00","2008","09","20","19:00","20.7","","17.1","","80","","","M","","M","","","100.53","","26","","","","NA"
"2008-09-20 20:00","2008","09","20","20:00","19.9","","17.6","","87","","","M","","M","","","100.58","","","","","","NA"
"2008-09-20 21:00","2008","09","20","21:00","18.9","","17.3","","90","","","M","","M","","","100.60","","","","","","NA"
"2008-09-20 22:00","2008","09","20","22:00","18.5","","17.3","","93","","","M","","M","","","100.65","","","","","","NA"
"2008-09-20 23:00","2008","09","20","23:00","18.7","","17.1","","90","","","M","","M","","","100.69","","","","","","NA"
"2008-09-21 00:00","2008","09","21","00:00","18.7","","16.8","","89","","","M","","M","","","100.73","","","","","","NA"
"2008-09-21 01:00","2008","09","21","01:00","18.1","","16.7","","92","","","M","","M","","","100.73","","","","","","NA"
"2008-09-21 02:00","2008","09","21","02:00","17.8","","16.3","","91","","","M","","M","","","100.76","","","","","","NA"
"2008-09-21 03:00","2008","09","21","03:00","17.7","","16.0","","90","","","M","","M","","","100.79","","","","","","NA"
"2008-09-21 04:00","2008","09","21","04:00","17.6","","15.9","","90","","","M","","M","","","100.85","","","","","","NA"
"2008-09-21 05:00","2008","09","21","05:00","16.9","","15.5","","91","","","M","","M","","","100.88","","","","","","NA"
"2008-09-21 06:00","2008","09","21","06:00","16.7","","15.5","","93","","","M","","M","","","100.95","","","","","","NA"
"2008-09-21 07:00","2008","09","21","07:00","16.6","","14.8","","89","","","M","","M","","","101.03","","","","","","NA"
"2008-09-21 08:00","2008","09","21","08:00","16.3","","13.9","","86","","","M","","M","","","101.10","","","","","","NA"
"2008-09-21 09:00","2008","09","21","09:00","16.1","","13.1","","82","","","M","","M","","","101.16","","","","","","NA"
"2008-09-21 10:00","2008","09","21","10:00","15.8","","12.0","","78","","","M","","M","","","101.23","","","","","","NA"
"2008-09-21 11:00","2008","09","21","11:00","15.8","","11.8","","77","","","M","","M","","","101.24","","","","","","NA"
"2008-09-21 12:00","2008","09","21","12:00","16.5","","12.4","","77","","","M","","M","","","101.29","","","","","","NA"
"2008-09-21 13:00","2008","09","21","13:00","16.5","","11.1","","70","","","M","","M","","","101.30","","","","","","NA"
"2008-09-21 14:00","2008","09","21","14:00","17.6","","11.5","","67","","","M","","M","","","101.25","","","","","","NA"
"2008-09-21 15:00","2008","09","21","15:00","17.7","","10.0","","61","","","M","","M","","","101.23","","","","","","NA"
"2008-09-21 16:00","2008","09","21","16:00","16.6","","11.7","","73","","","M","","M","","","101.22","","","","","","NA"
"2008-09-21 17:00","2008","09","21","17:00","16.1","","11.6","","75","","","M","","M","","","101.25","","","","","","NA"
"2008-09-21 18:00","2008","09","21","18:00","15.1","","11.9","","81","","","M","","M","","","101.30","","","","","","NA"
"2008-09-21 19:00","2008","09","21","19:00","14.7","","12.0","","84","","","M","","M","","","101.35","","","","","","NA"
"2008-09-21 20:00","2008","09","21","20:00","14.6","","12.2","","86","","","M","","M","","","101.40","","","","","","NA"
"2008-09-21 21:00","2008","09","21","21:00","14.2","","12.0","","87","","","M","","M","","","101.45","","","","","","NA"
"2008-09-21 22:00","2008","09","21","22:00","14.3","","12.1","","87","","","M","","M","","","101.48","","","","","","NA"
"2008-09-21 23:00","2008","09","21","23:00","13.9","","12.2","","89","","","M","","M","","","101.50","","","","","","NA"
"2008-09-22 00:00","2008","09","22","00:00","13.7","","12.1","","90","","","M","","M","","","101.49","","","","","","NA"
"2008-09-22 01:00","2008","09","22","01:00","13.7","","11.9","","89","","","M","","M","","","101.52","","","","","","NA"
"2008-09-22 02:00","2008","09","22","02:00","13.0","","11.4","","90","","","M","","M","","","101.52","","","","","","NA"
"2008-09-22 03:00","2008","09","22","03:00","12.5","","11.3","","92","","","M","","M","","","101.53","","","","","","NA"
"2008-09-22 04:00","2008","09","22","04:00","11.6","","10.6","","94","","","M","","M","","","101.57","","","","","","NA"
"2008-09-22 05:00","2008","09","22","05:00","11.5","","9.5","","88","","","M","","M","","","101.61","","","","","","NA"
"2008-09-22 06:00","2008","09","22","06:00","11.0","","8.5","","85","","","M","","M","","","101.69","","","","","","NA"
"2008-09-22 07:00","2008","09","22","07:00","11.4","","8.7","","83","","","M","","M","","","101.74","","","","","","NA"
"2008-09-22 08:00","2008","09","22","08:00","12.6","","8.8","","78","","","M","","M","","","101.78","","","","","","NA"
"2008-09-22 09:00","2008","09","22","09:00","14.4","","10.5","","77","","","M","","M","","","101.75","","","","","","NA"
"2008-09-22 10:00","2008","09","22","10:00","14.8","","11.0","","78","","","M","","M","","","101.78","","","","","","NA"
"2008-09-22 11:00","2008","09","22","11:00","15.7","","10.8","","73","","","M","","M","","","101.76","","","","","","NA"
"2008-09-22 12:00","2008","09","22","12:00","16.6","","10.5","","67","","","M","","M","","","101.77","","","","","","NA"
"2008-09-22 13:00","2008","09","22","13:00","16.8","","9.9","","64","","","M","","M","","","101.78","","","","","","NA"
"2008-09-22 14:00","2008","09","22","14:00","17.3","","9.5","","60","","","M","","M","","","101.75","","","","","","NA"
"2008-09-22 15:00","2008","09","22","15:00","17.4","","9.1","","58","","","M","","M","","","101.73","","","","","","NA"
"2008-09-22 16:00","2008","09","22","16:00","16.3","","8.9","","62","","","M","","M","","","101.70","","","","","","NA"
"2008-09-22 17:00","2008","09","22","17:00","16.2","","9.9","","66","","","M","","M","","","101.71","","","","","","NA"
"2008-09-22 18:00","2008","09","22","18:00","15.3","","9.8","","70","","","M","","M","","","101.73","","","","","","NA"
"2008-09-22 19:00","2008","09","22","19:00","15.3","","10.0","","71","","","M","","M","","","101.74","","","","","","NA"
"2008-09-22 20:00","2008","09","22","20:00","15.1","","10.1","","72","","","M","","M","","","101.77","","","","","","NA"
"2008-09-22 21:00","2008","09","22","21:00","14.8","","10.3","","74","","","M","","M","","","101.79","","","","","","NA"
"2008-09-22 22:00","2008","09","22","22:00","14.3","","10.2","","76","","","M","","M","","","101.81","","","","","","NA"
"2008-09-22 23:00","2008","09","22","23:00","13.4","","10.0","","80","","","M","","M","","","101.81","","","","","","NA"
"2008-09-23 00:00","2008","09","23","00:00","13.2","","10.3","","83","","","M","","M","","","101.80","","","","","","NA"
"2008-09-23 01:00","2008","09","23","01:00","12.5","","9.9","","84","","","M","","M","","","101.79","","","","","","NA"
"2008-09-23 02:00","2008","09","23","02:00","12.0","","9.7","","86","","","M","","M","","","101.79","","","","","","NA"
"2008-09-23 03:00","2008","09","23","03:00","11.8","","9.8","","88","","","M","","M","","","101.80","","","","","","NA"
"2008-09-23 04:00","2008","09","23","04:00","11.4","","9.8","","90","","","M","","M","","","101.82","","","","","","NA"
"2008-09-23 05:00","2008","09","23","05:00","11.3","","9.7","","90","","","M","","M","","","101.86","","","","","","NA"
"2008-09-23 06:00","2008","09","23","06:00","11.6","","10.4","","92","","","M","","M","","","101.88","","","","","","NA"
"2008-09-23 07:00","2008","09","23","07:00","12.5","","10.6","","88","","","M","","M","","","101.91","","","","","","NA"
"2008-09-23 08:00","2008","09","23","08:00","15.1","","12.4","","84","","","M","","M","","","101.93","","","","","","NA"
"2008-09-23 09:00","2008","09","23","09:00","16.5","","12.4","","77","","","M","","M","","","101.96","","","","","","NA"
"2008-09-23 10:00","2008","09","23","10:00","17.0","","11.9","","72","","","M","","M","","","101.95","","","","","","NA"
"2008-09-23 11:00","2008","09","23","11:00","17.7","","11.6","","67","","","M","","M","","","101.93","","","","","","NA"
"2008-09-23 12:00","2008","09","23","12:00","18.3","","9.7","","57","","","M","","M","","","101.88","","","","","","NA"
"2008-09-23 13:00","2008","09","23","13:00","18.7","","8.5","","51","","","M","","M","","","101.83","","","","","","NA"
"2008-09-23 14:00","2008","09","23","14:00","18.4","","10.1","","58","","","M","","M","","","101.78","","","","","","NA"
"2008-09-23 15:00","2008","09","23","15:00","18.2","","10.7","","62","","","M","","M","","","101.72","","","","","","NA"
"2008-09-23 16:00","2008","09","23","16:00","17.3","","11.2","","67","","","M","","M","","","101.68","","","","","","NA"
"2008-09-23 17:00","2008","09","23","17:00","17.3","","12.3","","72","","","M","","M","","","101.66","","","","","","NA"
"2008-09-23 18:00","2008","09","23","18:00","16.6","","12.6","","77","","","M","","M","","","101.64","","","","","","NA"
"2008-09-23 19:00","2008","09","23","19:00","16.1","","13.0","","82","","","M","","M","","","101.64","","","","","","NA"
"2008-09-23 20:00","2008","09","23","20:00","16.2","","13.1","","82","","","M","","M","","","101.66","","","","","","NA"
"2008-09-23 21:00","2008","09","23","21:00","16.0","","13.1","","83","","","M","","M","","","101.62","","","","","","NA"
"2008-09-23 22:00","2008","09","23","22:00","16.1","","13.4","","84","","","M","","M","","","101.58","","","","","","NA"
"2008-09-23 23:00","2008","09","23","23:00","16.1","","13.9","","87","","","M","","M","","","101.57","","","","","","NA"
"2008-09-24 00:00","2008","09","24","00:00","16.0","","13.7","","86","","","M","","M","","","101.57","","","","","","NA"
"2008-09-24 01:00","2008","09","24","01:00","15.4","","12.9","","85","","","M","","M","","","101.59","","","","","","NA"
"2008-09-24 02:00","2008","09","24","02:00","14.2","","12.6","","90","","","M","","M","","","101.59","","","","","","NA"
"2008-09-24 03:00","2008","09","24","03:00","13.6","","12.2","","91","","","M","","M","","","101.54","","","","","","NA"
"2008-09-24 04:00","2008","09","24","04:00","13.8","","12.3","","91","","","M","","M","","","101.55","","","","","","NA"
"2008-09-24 05:00","2008","09","24","05:00","13.2","","12.1","","93","","","M","","M","","","101.54","","","","","","NA"
"2008-09-24 06:00","2008","09","24","06:00","13.2","","12.3","","94","","","M","","M","","","101.54","","","","","","NA"
"2008-09-24 07:00","2008","09","24","07:00","13.7","","13.0","","96","","","M","","M","","","101.58","","","","","","NA"
"2008-09-24 08:00","2008","09","24","08:00","16.6","","14.9","","90","","","M","","M","","","101.58","","","","","","NA"
"2008-09-24 09:00","2008","09","24","09:00","17.9","","14.8","","82","","","M","","M","","","101.57","","","","","","NA"
"2008-09-24 10:00","2008","09","24","10:00","19.5","","15.3","","77","","","M","","M","","","101.56","","","","","","NA"
"2008-09-24 11:00","2008","09","24","11:00","21.6","","15.9","","70","","","M","","M","","","101.52","","26","","","","NA"
"2008-09-24 12:00","2008","09","24","12:00","21.6","","15.5","","68","","","M","","M","","","101.49","","26","","","","NA"
"2008-09-24 13:00","2008","09","24","13:00","22.9","","15.7","","64","","","M","","M","","","101.44","","27","","","","NA"
"2008-09-24 14:00","2008","09","24","14:00","23.7","","14.9","","58","","","M","","M","","","101.41","","28","","","","NA"
"2008-09-24 15:00","2008","09","24","15:00","23.8","","15.5","","60","","","M","","M","","","101.36","","28","","","","NA"
"2008-09-24 16:00","2008","09","24","16:00","22.5","","15.9","","66","","","M","","M","","","101.31","","27","","","","NA"
"2008-09-24 17:00","2008","09","24","17:00","20.2","","16.1","","77","","","M","","M","","","101.33","","25","","","","NA"
"2008-09-24 18:00","2008","09","24","18:00","19.3","","16.1","","82","","","M","","M","","","101.33","","","","","","NA"
"2008-09-24 19:00","2008","09","24","19:00","18.3","","16.7","","90","","","M","","M","","","101.33","","","","","","NA"
"2008-09-24 20:00","2008","09","24","20:00","18.2","","16.7","","91","","","M","","M","","","101.34","","","","","","NA"
"2008-09-24 21:00","2008","09","24","21:00","17.8","","16.1","","90","","","M","","M","","","101.38","","","","","","NA"
"2008-09-24 22:00","2008","09","24","22:00","17.6","","15.2","","86","","","M","","M","","","101.43","","","","","","NA"
"2008-09-24 23:00","2008","09","24","23:00","16.7","","14.7","","88","","","M","","M","","","101.42","","","","","","NA"
"2008-09-25 00:00","2008","09","25","00:00","15.9","","14.4","","91","","","M","","M","","","101.40","","","","","","NA"
"2008-09-25 01:00","2008","09","25","01:00","15.3","","14.2","","93","","","M","","M","","","101.39","","","","","","NA"
"2008-09-25 02:00","2008","09","25","02:00","15.5","","14.8","","96","","","M","","M","","","101.36","","","","","","NA"
"2008-09-25 03:00","2008","09","25","03:00","15.3","","14.7","","96","","","M","","M","","","101.38","","","","","","NA"
"2008-09-25 04:00","2008","09","25","04:00","15.0","","14.4","","96","","","M","","M","","","101.39","","","","","","NA"
"2008-09-25 05:00","2008","09","25","05:00","14.5","","14.1","","97","","","M","","M","","","101.42","","","","","","NA"
"2008-09-25 06:00","2008","09","25","06:00","14.8","","14.3","","97","","","M","","M","","","101.46","","","","","","NA"
"2008-09-25 07:00","2008","09","25","07:00","15.0","","14.6","","97","","","M","","M","","","101.48","","","","","","NA"
"2008-09-25 08:00","2008","09","25","08:00","17.0","","16.1","","94","","","M","","M","","","101.50","","","","","","NA"
"2008-09-25 09:00","2008","09","25","09:00","18.9","","16.8","","88","","","M","","M","","","101.52","","","","","","NA"
"2008-09-25 10:00","2008","09","25","10:00","20.8","","16.3","","75","","","M","","M","","","101.51","","26","","","","NA"
"2008-09-25 11:00","2008","09","25","11:00","21.7","","17.5","","77","","","M","","M","","","101.49","","27","","","","NA"
"2008-09-25 12:00","2008","09","25","12:00","23.3","","17.0","","68","","","M","","M","","","101.45","","29","","","","NA"
"2008-09-25 13:00","2008","09","25","13:00","22.2","","15.4","","65","","","M","","M","","","101.43","","26","","","","NA"
"2008-09-25 14:00","2008","09","25","14:00","22.7","","16.0","","66","","","M","","M","","","101.40","","27","","","","NA"
"2008-09-25 15:00","2008","09","25","15:00","22.7","","14.3","","59","","","M","","M","","","101.34","","26","","","","NA"
"2008-09-25 16:00","2008","09","25","16:00","21.0","","15.3","","70","","","M","","M","","","101.33","","25","","","","NA"
"2008-09-25 17:00","2008","09","25","17:00","20.9","","15.9","","73","","","M","","M","","","101.35","","25","","","","NA"
"2008-09-25 18:00","2008","09","25","18:00","19.8","","15.0","","74","","","M","","M","","","101.33","","","","","","NA"
"2008-09-25 19:00","2008","09","25","19:00","19.6","","14.9","","74","","","M","","M","","","101.33","","","","","","NA"
"2008-09-25 20:00","2008","09","25","20:00","19.3","","15.2","","77","","","M","","M","","","101.32","","","","","","NA"
"2008-09-25 21:00","2008","09","25","21:00","19.0","","15.7","","81","","","M","","M","","","101.29","","","","","","NA"
"2008-09-25 22:00","2008","09","25","22:00","18.7","","16.2","","85","","","M","","M","","","101.31","","","","","","NA"
"2008-09-25 23:00","2008","09","25","23:00","18.3","","15.9","","86","","","M","","M","","","101.29","","","","","","NA"
"2008-09-26 00:00","2008","09","26","00:00","18.2","","16.0","","87","","","M","","M","","","101.25","","","","","","NA"
"2008-09-26 01:00","2008","09","26","01:00","17.5","","15.8","","90","","","M","","M","","","101.23","","","","","","NA"
"2008-09-26 02:00","2008","09","26","02:00","16.6","","15.5","","93","","","M","","M","","","101.23","","","","","","NA"
"2008-09-26 03:00","2008","09","26","03:00","16.1","","15.2","","94","","","M","","M","","","101.20","","","","","","NA"
"2008-09-26 04:00","2008","09","26","04:00","15.9","","15.3","","96","","","M","","M","","","101.17","","","","","","NA"
"2008-09-26 05:00","2008","09","26","05:00","15.7","","15.1","","96","","","M","","M","","","101.18","","","","","","NA"
"2008-09-26 06:00","2008","09","26","06:00","15.5","","14.8","","96","","","M","","M","","","101.19","","","","","","NA"
"2008-09-26 07:00","2008","09","26","07:00","15.7","","15.1","","96","","","M","","M","","","101.23","","","","","","NA"
"2008-09-26 08:00","2008","09","26","08:00","17.0","","14.7","","86","","","M","","M","","","101.27","","","","","","NA"
"2008-09-26 09:00","2008","09","26","09:00","17.4","","11.3","","67","","","M","","M","","","101.31","","","","","","NA"
"2008-09-26 10:00","2008","09","26","10:00","17.9","","11.8","","67","","","M","","M","","","101.27","","","","","","NA"
"2008-09-26 11:00","2008","09","26","11:00","18.6","","12.2","","66","","","M","","M","","","101.24","","","","","","NA"
"2008-09-26 12:00","2008","09","26","12:00","18.9","","10.6","","59","","","M","","M","","","101.16","","","","","","NA"
"2008-09-26 13:00","2008","09","26","13:00","18.9","","11.0","","60","","","M","","M","","","101.10","","","","","","NA"
"2008-09-26 14:00","2008","09","26","14:00","18.7","","13.6","","72","","","M","","M","","","101.03","","","","","","NA"
"2008-09-26 15:00","2008","09","26","15:00","18.8","","13.8","","73","","","M","","M","","","100.94","","","","","","NA"
"2008-09-26 16:00","2008","09","26","16:00","18.6","","14.1","","75","","","M","","M","","","100.90","","","","","","NA"
"2008-09-26 17:00","2008","09","26","17:00","19.2","","14.0","","72","","","M","","M","","","100.89","","","","","","NA"
"2008-09-26 18:00","2008","09","26","18:00","19.0","","14.4","","75","","","M","","M","","","100.87","","","","","","NA"
"2008-09-26 19:00","2008","09","26","19:00","19.1","","14.6","","75","","","M","","M","","","100.83","","","","","","NA"
"2008-09-26 20:00","2008","09","26","20:00","18.8","","14.8","","78","","","M","","M","","","100.81","","","","","","NA"
"2008-09-26 21:00","2008","09","26","21:00","17.9","","15.3","","85","","","M","","M","","","100.82","","","","","","NA"
"2008-09-26 22:00","2008","09","26","22:00","17.4","","15.6","","89","","","M","","M","","","100.75","","","","","","NA"
"2008-09-26 23:00","2008","09","26","23:00","16.8","","15.4","","91","","","M","","M","","","100.70","","","","","","NA"
"2008-09-27 00:00","2008","09","27","00:00","16.9","","15.5","","91","","","M","","M","","","100.59","","","","","","NA"
"2008-09-27 01:00","2008","09","27","01:00","16.4","","15.7","","96","","","M","","M","","","100.54","","","","","","NA"
"2008-09-27 02:00","2008","09","27","02:00","16.7","","16.1","","96","","","M","","M","","","100.48","","","","","","NA"
"2008-09-27 03:00","2008","09","27","03:00","16.8","","16.1","","96","","","M","","M","","","100.46","","","","","","NA"
"2008-09-27 04:00","2008","09","27","04:00","16.7","","16.0","","96","","","M","","M","","","100.44","","","","","","NA"
"2008-09-27 05:00","2008","09","27","05:00","16.4","","16.1","","98","","","M","","M","","","100.37","","","","","","NA"
"2008-09-27 06:00","2008","09","27","06:00","16.6","","16.3","","98","","","M","","M","","","100.38","","","","","","NA"
"2008-09-27 07:00","2008","09","27","07:00","16.9","","16.5","","97","","","M","","M","","","100.37","","","","","","NA"
"2008-09-27 08:00","2008","09","27","08:00","17.3","","16.7","","96","","","M","","M","","","100.36","","","","","","NA"
"2008-09-27 09:00","2008","09","27","09:00","17.0","","16.4","","96","","","M","","M","","","100.42","","","","","","NA"
"2008-09-27 10:00","2008","09","27","10:00","17.2","","16.8","","97","","","M","","M","","","100.39","","","","","","NA"
"2008-09-27 11:00","2008","09","27","11:00","17.1","","16.9","","99","","","M","","M","","","100.32","","","","","","NA"
"2008-09-27 12:00","2008","09","27","12:00","17.9","","17.4","","97","","","M","","M","","","100.30","","","","","","NA"
"2008-09-27 13:00","2008","09","27","13:00","17.7","","17.2","","97","","","M","","M","","","100.25","","","","","","NA"
"2008-09-27 14:00","2008","09","27","14:00","17.8","","17.3","","97","","","M","","M","","","100.18","","","","","","NA"
"2008-09-27 15:00","2008","09","27","15:00","17.8","","17.2","","96","","","M","","M","","","100.17","","","","","","NA"
"2008-09-27 16:00","2008","09","27","16:00","17.7","","17.2","","97","","","M","","M","","","100.15","","","","","","NA"
"2008-09-27 17:00","2008","09","27","17:00","17.7","","17.1","","96","","","M","","M","","","100.16","","","","","","NA"
"2008-09-27 18:00","2008","09","27","18:00","17.8","","17.2","","96","","","M","","M","","","100.15","","","","","","NA"
"2008-09-27 19:00","2008","09","27","19:00","17.9","","17.3","","96","","","M","","M","","","100.18","","","","","","NA"
"2008-09-27 20:00","2008","09","27","20:00","18.0","","17.5","","97","","","M","","M","","","100.22","","","","","","NA"
"2008-09-27 21:00","2008","09","27","21:00","17.8","","17.4","","98","","","M","","M","","","100.24","","","","","","NA"
"2008-09-27 22:00","2008","09","27","22:00","17.7","","17.5","","99","","","M","","M","","","100.23","","","","","","NA"
"2008-09-27 23:00","2008","09","27","23:00","17.6","","17.5","","99","","","M","","M","","","100.22","","","","","","NA"
"2008-09-28 00:00","2008","09","28","00:00","17.5","","17.4","","99","","","M","","M","","","100.19","","","","","","NA"
"2008-09-28 01:00","2008","09","28","01:00","17.7","","17.5","","99","","","M","","M","","","100.15","","","","","","NA"
"2008-09-28 02:00","2008","09","28","02:00","17.6","","17.2","","98","","","M","","M","","","100.14","","","","","","NA"
"2008-09-28 03:00","2008","09","28","03:00","17.4","","17.0","","97","","","M","","M","","","100.11","","","","","","NA"
"2008-09-28 04:00","2008","09","28","04:00","17.3","","16.9","","97","","","M","","M","","","100.14","","","","","","NA"
"2008-09-28 05:00","2008","09","28","05:00","17.3","","16.8","","97","","","M","","M","","","100.17","","","","","","NA"
"2008-09-28 06:00","2008","09","28","06:00","17.4","","16.8","","96","","","M","","M","","","100.18","","","","","","NA"
"2008-09-28 07:00","2008","09","28","07:00","17.5","","16.8","","96","","","M","","M","","","100.20","","","","","","NA"
"2008-09-28 08:00","2008","09","28","08:00","17.6","","16.4","","93","","","M","","M","","","100.21","","","","","","NA"
"2008-09-28 09:00","2008","09","28","09:00","18.7","","15.8","","83","","","M","","M","","","100.25","","","","","","NA"
"2008-09-28 10:00","2008","09","28","10:00","19.8","","15.9","","78","","","M","","M","","","100.27","","","","","","NA"
"2008-09-28 11:00","2008","09","28","11:00","20.8","","15.2","","70","","","M","","M","","","100.28","","25","","","","NA"
"2008-09-28 12:00","2008","09","28","12:00","21.2","","16.0","","72","","","M","","M","","","100.27","","26","","","","NA"
"2008-09-28 13:00","2008","09","28","13:00","22.3","","15.4","","65","","","M","","M","","","100.24","","27","","","","NA"
"2008-09-28 14:00","2008","09","28","14:00","22.2","","15.0","","64","","","M","","M","","","100.23","","26","","","","NA"
"2008-09-28 15:00","2008","09","28","15:00","21.0","","16.1","","74","","","M","","M","","","100.25","","26","","","","NA"
"2008-09-28 16:00","2008","09","28","16:00","18.9","","15.0","","78","","","M","","M","","","100.31","","","","","","NA"
"2008-09-28 17:00","2008","09","28","17:00","17.7","","14.6","","82","","","M","","M","","","100.35","","","","","","NA"
"2008-09-28 18:00","2008","09","28","18:00","17.1","","14.8","","86","","","M","","M","","","100.37","","","","","","NA"
"2008-09-28 19:00","2008","09","28","19:00","16.4","","14.4","","88","","","M","","M","","","100.40","","","","","","NA"
"2008-09-28 20:00","2008","09","28","20:00","15.7","","13.5","","87","","","M","","M","","","100.46","","","","","","NA"
"2008-09-28 21:00","2008","09","28","21:00","15.4","","13.0","","86","","","M","","M","","","100.47","","","","","","NA"
"2008-09-28 22:00","2008","09","28","22:00","15.3","","12.7","","84","","","M","","M","","","100.50","","","","","","NA"
"2008-09-28 23:00","2008","09","28","23:00","14.7","","12.1","","84","","","M","","M","","","100.52","","","","","","NA"
"2008-09-29 00:00","2008","09","29","00:00","13.9","","11.5","","85","","","M","","M","","","100.52","","","","","","NA"
"2008-09-29 01:00","2008","09","29","01:00","13.5","","11.4","","87","","","M","","M","","","100.53","","","","","","NA"
"2008-09-29 02:00","2008","09","29","02:00","13.1","","10.9","","86","","","M","","M","","","100.52","","","","","","NA"
"2008-09-29 03:00","2008","09","29","03:00","13.0","","10.4","","84","","","M","","M","","","100.47","","","","","","NA"
"2008-09-29 04:00","2008","09","29","04:00","12.9","","10.6","","86","","","M","","M","","","100.48","","","","","","NA"
"2008-09-29 05:00","2008","09","29","05:00","13.0","","10.6","","85","","","M","","M","","","100.48","","","","","","NA"
"2008-09-29 06:00","2008","09","29","06:00","12.5","","9.5","","82","","","M","","M","","","100.46","","","","","","NA"
"2008-09-29 07:00","2008","09","29","07:00","12.4","","9.2","","81","","","M","","M","","","100.51","","","","","","NA"
"2008-09-29 08:00","2008","09","29","08:00","12.4","","9.3","","81","","","M","","M","","","100.53","","","","","","NA"
"2008-09-29 09:00","2008","09","29","09:00","12.6","","9.4","","81","","","M","","M","","","100.56","","","","","","NA"
"2008-09-29 10:00","2008","09","29","10:00","12.9","","9.7","","81","","","M","","M","","","100.57","","","","","","NA"
"2008-09-29 11:00","2008","09","29","11:00","13.2","","9.9","","80","","","M","","M","","","100.53","","","","","","NA"
"2008-09-29 12:00","2008","09","29","12:00","13.8","","10.2","","79","","","M","","M","","","100.44","","","","","","NA"
"2008-09-29 13:00","2008","09","29","13:00","14.4","","10.8","","79","","","M","","M","","","100.36","","","","","","NA"
"2008-09-29 14:00","2008","09","29","14:00","14.7","","11.0","","78","","","M","","M","","","100.31","","","","","","NA"
"2008-09-29 15:00","2008","09","29","15:00","14.4","","11.2","","81","","","M","","M","","","100.31","","","","","","NA"
"2008-09-29 16:00","2008","09","29","16:00","14.2","","11.3","","83","","","M","","M","","","100.25","","","","","","NA"
"2008-09-29 17:00","2008","09","29","17:00","14.1","","11.4","","84","","","M","","M","","","100.24","","","","","","NA"
"2008-09-29 18:00","2008","09","29","18:00","14.2","","11.5","","84","","","M","","M","","","100.18","","","","","","NA"
"2008-09-29 19:00","2008","09","29","19:00","14.3","","11.5","","83","","","M","","M","","","100.17","","","","","","NA"
"2008-09-29 20:00","2008","09","29","20:00","14.4","","11.8","","84","","","M","","M","","","100.13","","","","","","NA"
"2008-09-29 21:00","2008","09","29","21:00","14.6","","12.0","","84","","","M","","M","","","100.05","","","","","","NA"
"2008-09-29 22:00","2008","09","29","22:00","14.8","","12.3","","85","","","M","","M","","","100.01","","","","","","NA"
"2008-09-29 23:00","2008","09","29","23:00","14.9","","12.8","","87","","","M","","M","","","99.96","","","","","","NA"
"2008-09-30 00:00","2008","09","30","00:00","14.1","","12.7","","91","","","M","","M","","","99.89","","","","","","NA"
"2008-09-30 01:00","2008","09","30","01:00","14.3","","12.7","","90","","","M","","M","","","99.85","","","","","","NA"
"2008-09-30 02:00","2008","09","30","02:00","14.5","","13.1","","91","","","M","","M","","","99.75","","","","","","NA"
"2008-09-30 03:00","2008","09","30","03:00","14.5","","13.7","","95","","","M","","M","","","99.63","","","","","","NA"
"2008-09-30 04:00","2008","09","30","04:00","14.1","","13.8","","98","","","M","","M","","","99.54","","","","","","NA"
"2008-09-30 05:00","2008","09","30","05:00","14.6","","14.3","","98","","","M","","M","","","99.45","","","","","","NA"
"2008-09-30 06:00","2008","09","30","06:00","15.0","","14.4","","96","","","M","","M","","","99.38","","","","","","NA"
"2008-09-30 07:00","2008","09","30","07:00","15.3","","14.8","","97","","","M","","M","","","99.32","","","","","","NA"
"2008-09-30 08:00","2008","09","30","08:00","15.4","","15.1","","98","","","M","","M","","","99.24","","","","","","NA"
"2008-09-30 09:00","2008","09","30","09:00","16.1","","16.0","","99","","","M","","M","","","99.17","","","","","","NA"
"2008-09-30 10:00","2008","09","30","10:00","17.1","","17.0","","99","","","M","","M","","","99.10","","","","","","NA"
"2008-09-30 11:00","2008","09","30","11:00","14.4","","14.1","","98","","","M","","M","","","99.10","","","","","","NA"
"2008-09-30 12:00","2008","09","30","12:00","15.1","","14.2","","94","","","M","","M","","","99.13","","","","","","NA"
"2008-09-30 13:00","2008","09","30","13:00","15.8","","13.5","","86","","","M","","M","","","99.13","","","","","","NA"
"2008-09-30 14:00","2008","09","30","14:00","16.8","","13.4","","80","","","M","","M","","","99.14","","","","","","NA"
"2008-09-30 15:00","2008","09","30","15:00","18.0","","12.8","","72","","","M","","M","","","99.12","","","","","","NA"
"2008-09-30 16:00","2008","09","30","16:00","18.1","","12.0","","68","","","M","","M","","","99.13","","","","","","NA"
"2008-09-30 17:00","2008","09","30","17:00","17.7","","12.5","","72","","","M","","M","","","99.13","","","","","","NA"
"2008-09-30 18:00","2008","09","30","18:00","16.4","","11.9","","75","","","M","","M","","","99.15","","","","","","NA"
"2008-09-30 19:00","2008","09","30","19:00","16.0","","11.5","","75","","","M","","M","","","99.18","","","","","","NA"
"2008-09-30 20:00","2008","09","30","20:00","15.3","","11.8","","80","","","M","","M","","","99.19","","","","","","NA"
"2008-09-30 21:00","2008","09","30","21:00","14.8","","12.3","","85","","","M","","M","","","99.16","","","","","","NA"
"2008-09-30 22:00","2008","09","30","22:00","14.4","","12.6","","89","","","M","","M","","","99.14","","","","","","NA"
"2008-09-30 23:00","2008","09","30","23:00","14.0","","12.6","","91","","","M","","M","","","99.12","","","","","","NA"
